13425867,虎啸峡激流探险漂流
75769,三潭印月
90619,雅鲁激流探险漂流
81732,山沟沟景区
75752,云栖竹径
28553791,宋城千古情演出
91802,王子谷漂流
10758551,印象西湖《最忆是杭州》演出
76309,太湖源
10519425,京杭大运河
97556,天目大峡谷
90209,九龙溪漂流
101325,岳王庙景区
82887,灵栖洞
13253197,西湖游船
82866,大慈岩风景区
82836,严子陵钓台
56376229,太阳马戏 《X 绮幻之境》
61177653,西溪国家湿地公园
60699849,森泊幻想岛
33209016,江和美海洋公园
89127,仙山谷漂流
81729,胡雪岩故居
82861,龙门古镇
10520573,浙西凉源峡漂流
97471,千岛湖夜游
51024518,山湾湾激流探险
75770,六和塔
10759117,《水之灵》水舞台演出
67627061,杭州西湖星空艺术馆
28379328,千岛湖文渊狮城度假区（水下古城）
39058944,千岛湖梦想2号豪华游船
82857,富春桃源
50957355,宝寿山景区
71536722,奈尔宝家庭中心（星光旗舰店）
97477,钱塘江夜游
75776,虎跑公园
30063679,杭州国际博览中心
78929020,千岛湖酉坞里萤火虫主题公园
44835215,北高峰索道
61469636,三渡悬崖漂流
75762,断桥残雪
81689,杭州植物园
13526230,千岛湖欢乐水世界
97278,加勒比漂流乐园
77633767,千岛湖千岛乐趣味运动城
18185972,浙江省博物馆
25681607,千岛湖天迹热气球
82854,白云源
18591787,千岛湖伯爵号豪华游轮
34268821,千岛湖燃擎乐园
97541,浙西大龙湾景区
38470080,千岛湖梦想1号豪华游船
97409,龙潭峡谷漂流
61459158,千岛湖啤酒博物院
82480,湘湖
18832205,湖源溪漂流
13712652,西湖音乐喷泉
36831409,多乐岛蹦床公园杭州馆
86391,金峰峡谷漂流
89502,东天目山景区
73142241,Tenker Club弹刻极限蹦床主题公园
13097743,中国滑翔伞训练基地
65196227,杭州大穿越主题玻璃漂流
10758357,七里扬帆
97387,浪石金滩
101322,城隍阁景区
97421,清河坊街
101324,黄龙洞景区
33346268,京杭大运河游船
10759116,千岛湖半岛绿道露营营地
79334,白水涧
10799613,彩虹谷
10555180,葫芦峡生态漂流
69341427,灵山幻境
10547929,天目源漂流
75753,曲院风荷
57154239,Mountain Games风之谷
83192084,杭州奇葩减压馆
69345539,永安山滑翔伞训练基地
81739,郭庄
10759481,杭州云曼温泉
82816,天目溪漂流
33348587,千岛湖游船
97564,新叶古村
97482,神龙川风景区
79327,锦绣风水洞
97485,十门峡景区
84189891,千岛湖沪马探险乐园
97351,杭州运河夜游
82020,万松书院
61446339,杭州瑭源度假酒店·水公园
10548645,湍口众安氡温泉
31078462,江南大冰洞-狮子岩景区
10558601,苏堤
97310,超山风景区
13539462,千岛湖巨网捕鱼
97344,杭州东方文化园
22648783,瑶琳国家森林公园
15412031,浙江省博物馆武林馆区
68600894,千岛湖山地越野卡丁车俱乐部
10758880,航空小镇水乐园
91402,南宋御街
10558749,梅峰岛
48569966,建德千岛湖直升机低空游览
97551,千岛湖石林景区
68601431,西湖游船电瓶自开船
56095167,钱塘江夜游新丽星号游轮
32470449,建德梦幻新安江3号船
76307,青山湖
39854679,杭州青龙峡漂流探险景区
97603,永安山
13794175,天都公园
76280,白塔公园
33174267,千岛湖水下古城
30761391,千岛湖乐游环湖骑行
10558750,黄山尖
97394,灵山风情小镇
97407,千岛湖龙门峡谷漂流
101321,少年儿童公园
13467016,石林仙人谷漂流
25111975,龙井峡闯关
97296,禅源寺
100697,天子地
10521366,北高峰
18467195,千岛湖环湖骑行
101319,玉皇山景区
68603208,千岛湖龙晨拓展水搏乐园
75766,花港观鱼
50971668,杭州极速冰雪世界
71414834,杭州恐龙梦公园
48582265,LINE FRIENDS 杭州湖滨银泰in77店
57240154,杭州小冰岛
30063573,径山花海
80100917,Gjump蹦床公园(萧山店)
25597322,珊瑚岭
88616,杭州博物馆
101934,千岛湖钓鱼岛
33463186,杭州湘湖游船
97410,通天飞瀑
70398086,富阳龙鳞坝景区
33458931,天目花海漂流
97554,塘栖古镇
71417232,西溪空中揽胜氦气球
84477,白云溪漂流
44180733,金沙滩温泉馆
20895411,莫拉红直升机空中观光游
80266848,千岛湖希尔顿豪华游艇俱乐部
83830,浙西大峡谷
97523,新沙岛旅游度假区
24651466,芦茨湾
91417,千岛湖龙川湾
97591,芦茨村
79409846,建德航空小镇
30513653,千岛湖城中湖休闲游
10520043,河桥古镇
22986602,龙门山漂流
31658774,浙江省科技馆
97356,红石湾景区
10533261,吴山夜市
13489542,桐庐漂流
97392,千岛秘境
31041642,千岛湖深度游
33197530,梦想小镇
91477208,千岛湖天翔动力伞基地
97355,红灯笼乡村家园
82083,九咆界风景区
68602421,杭州阿里体育运动玩乐园
92187749,杭州长乔小海龟乐园
95247031,良人归国风体验馆
13511906,进贤湾水上公园
73136567,钱塘江夜游钱印号游轮
89129,农夫乐园
82892,新安江水电站
61933678,水博园道谷亲子乐园
75763,柳浪闻莺
57154190,Future Zoo未来动物城（杭州大悦城店）
85500,慧因高丽寺
18540083,杭州3D错觉艺术馆
61943437,竹溪乐园
79639892,西溪天堂艺术中心
79649724,浙江小百花越剧场
79331,径山
79900136,Gjump蹦床公园(滨江店)
13822511,西湖文化广场
48570920,水下古城文化科技主题乐园
91794,上天竺寺
61941456,空谷长滩水公园
61448207,迷邓花园
25464077,深澳古镇
10519744,八卦田遗址公园
97419,琴溪香谷景区
10758879,大明山万松岭滑雪场
80150,太子湾公园
82820,桐君山
13656654,青芝坞
95251567,太阳马戏艺趣嘉年华
10536429,新安江儿童公园
33174818,千岛湖水之梦水上乐园
61906156,飞行家室内跳伞（风洞飞行）
10548201,薰衣草庄园
49933918,千岛湖啤酒温泉
36167479,王者峡谷竞技乐园
79176053,【杭州】天空之城-久石让宫崎骏作品主题音乐会
82915,富阳
76289,良渚博物院
13826221,温馨岛
10523088,良渚文化村
10536432,半山国家森林公园
97577,指南村
10555507,航空小镇温泉
13822344,浙江大学紫金港校区
52222607,富春江七里严滩风景旅游区富春江漂流
13826298,甘岭水库
92331,香韵佳香草文化园
10559583,大明湖
69568329,西溪湿地公园(东区)
25258310,千岛湖直升机观光体验飞行
10523946,南山路
56815173,桐庐生仙里国际滑雪场
13799102,杭州消防主题公园
60683544,兰里景区
30063915,武林广场音乐喷泉
89132,小白菜文化园
82855,鹳山公园
69531053,金沙湖公园
69223272,楼外楼(孤山路)
10520175,桐庐博物馆
79150768,千岛湖高空跳伞
97584,冰川大峡谷
10536447,临平公园
24654592,浙江理工大学
61932923,杭州失恋博物馆（西湖）
58278681,武林广场 
69546375,西天目山风景区
71577194,千岛湖驴营地探险乐园
30052911,杭州国际会议中心
39805972,盗墓笔记密室逃脱(国大城市广场店)
58278671,梅城古镇 
91493,高银美食街
13839944,采荷公园
61942717,杭州失恋博物馆（相思泪）
10533264,延安路商业街
83355594,新联航空科普中心
10536414,朝晖公园
13822387,浙江工业大学
13822335,浙江大学玉泉校区
10523660,中国伞博物馆
49840214,新沙岛玫瑰园
97433,天目山镇天目村
88354,南宋皇城遗址
69220423,富春江
31673087,中国茶叶博物馆龙井馆区
13835642,径山古道
10520080,荻浦村
10523659,浙江大学之江校区
70375100,杭州失恋博物馆
76833,玲珑山
10523308,中国美术学院
61140636,头号玩家
88328,保俶塔
94991,浙江美术馆
13835452,浙江传媒学院
13835575,钱学森故居
76311,钱王陵园
87887,风波亭
13822365,杨梅岭
13794137,水景公园
13796178,西山公园
13826205,月老祠
88355,凤凰山
30559090,农夫山泉（淳安茶园）工厂
91424,江洋畈生态公园
70330289,杭州新天地太阳剧场
82894,新安江龙舟漂游
13806467,草庄公园
13826198,杨家村
13826421,浙江农林大学（东湖校区）
13835501,越王城遗址
30450901,杭州奥体博览城
31674447,龙井山园茶文化村
18552197,OMG剧情密室逃脱
39207999,桐庐雷迪森度假酒店高尔夫球场
91550,外桐坞村艺术小镇
20952311,酷特儿亲子园
49211946,晓书馆
71571598,轰鸣卡丁车俱乐部
96474,万米隧道
75756,龙井问茶
89494,四面峰
90059,北街梦寻
10530042,信义坊步行街
91425,中国杭帮菜博物馆
13789805,湖心亭
13794117,动漫广场
13805947,濮家运河公园
13835457,杭州天主教堂
79247,山里人家
97326,东瀑大峡谷
29906876,和源汇足浴(西溪天堂店)
52082931,桐庐红灯笼小木屋度假村
92341679,王位山古道
69556729,杭州鸬鸟览途房车露营公园
13101079,雪水岭景区
34300297,中国航天青少年科普展（杭州站）
10758737,骑龙峡谷漂流
31830232,暗黑迷城 鬼屋
84200,八百里风情岛
84180,浙西天池
15135939,娘娘山
13759414,溪中溪
10536446,杭州少年宫
90056,湖滨晴雨
20353701,千岛湖画舫【千旅之星】
79333,白马崖
10536417,午潮山国家森林公园
32292344,皋亭山景区
84207,西径山
31049148,杭州樱花园
70318628,梦幻十七号游轮
89491,大树王景区
79336,剑门关
10558748,嬉水滩
79353,蜜山岛
88358,五云山
41787171,钱江新城灯光秀
61908154,开探吧!公园
80067351,铁锚潜水千岛湖俱乐部
31671389,木兰山茶园
24667376,馒头山社区
10758205,杭州大清谷
25674961,飞行梦想模拟飞行中心
80287,紫龙山寨
61116161,驼峰跳伞俱乐部
11077097,杭州以法莲度假村
79605488,杭州星空魔幻城
76315,功臣塔
10558947,东吴文化公园
96508,飞来峰
28497961,永安山户外拓展
39200687,千岛湖逐浪者水上运动俱乐部
79330,东明山森林公园
84211,清凉峰
56602185,杭州梵高星空艺术展
69093088,钱塘江游轮
96463,悬空栈道
10758738,烟水渔庄
10536426,龙门森林公园
10519733,广济桥
56807600,密山岛
71565294,ChaoSpace艺术空间(滨江店)
25163412,建德农夫山泉生产基地
30100001,火星兔智慧乐园
13805690,兰里公园
50616859,临安城遗址 
91542,米亚罗农庄
10536433,世纪公园
13826214,西湖美术馆
24651294,临安林学院
25464142,三江两岸•建德绿道
69342407,灵隐飞来峰
97575,白沙村
61895360,河上古镇（凤凰坞村）
91987,西湖博物馆
10759315,富春山居高尔夫球场
89495,五世同堂
89506,仙人顶
91799,下天竺寺
10758736,琵琶湾生态园
100696,香莲岛
10519729,大禹谷
10759305,九桥高尔夫俱乐部
10759309,西湖国际高尔夫乡村俱乐部
10759313,千岛湖乡村高尔夫
13644389,李泌引水
13656661,余杭塘河
13826314,龙门十八瀑
13826409,浙江大学城市学院南校区
13835482,新登镇
13840043,茅塘古村落
20940964,台北纯K
23851746,From余杭融设计图书馆
25256153,桐洲岛
25271264,国家地理经典影像盛宴展览（杭州）
25331568,运河手工艺活态展示馆
29076142,砚池
30082779,荻浦花海
31046650,杭州塘栖枇杷园
36385761,云栖小镇
39824546,黑山顶
45401158,大胡子有机草莓园
50380696,花萝卜小镇
52085750,杭州富阳春城国际度假村
90631087,杭州星空恋爱解压馆(湖滨in77店)
69220136,孤山公园
69540338,杜月笙旧居
69559302,桐洲岛户马庄园
69576552,云溪竹径景区
78393502,【杭州】东野圭吾成名小说改编舞台剧《放学后》
78433164,【杭州】百老汇互动亲子科学儿童剧《化学秀》
79150621,【杭州】林兆华监制·话剧《爸爸的马拉松》
79429044,【杭州】山下山上——中阮大师冯满天与满天四重奏音乐会
79867372,千岛湖红叶湾皮划艇水上娱乐
78578298,【杭州】音乐剧《白夜行》韩雪刘令飞领衔主演
61116160,千岛湖梦想扬帆系列游船
10519471,岩岭湖
24654591,浙江金融职业学院
61946499,随途俱乐部
71571601,杭州金海岸演艺大舞台
79150592,【杭州】话剧《枕头人》【延期】
79954735,隆泰浴场
79954796,舒馨浴室
79954860,梦亲缘SPA
79974287,美痧经络养生
79975332,一指禅盲人按摩(高技街1分店)
79975367,怀诚体育运动中心
79980862,艾上网咖
79982261,诚云阁汗蒸养生馆
75755,九溪烟树
10519797,浙江自然博物馆
61580808,亚细亚号废弃火车车厢
10548057,杭州中南卡通城
97350,杭州DO都城
18700890,F2国际卡丁车赛车馆
28549125,千岛湖海洋馆
28637600,大奇山疯狂森林主题乐园
69128722,九溪十八涧
10519519,千岛湖农夫山泉生产基地（淳安工厂）
10548646,新安江水上观坝
61580810,天屿山景观台
10547922,月亮湾漂流
10519850,深澳村
21012799,彻天彻地童玩中心
31671645,金沙戏水
89131,天都城·欢乐四季公园
81704,茅家埠
80873,芹川村
97601,印象富春江
13640885,梅城
56777252,青山湖国家森林公园
75772,钱塘江
81734,梅家坞
10519468,畲乡山寨
24341453,下沙大学生夜市
28619480,海博儿童动漫水世界
10519964,小河直街历史文化街区
38363705,杭州市水上运动中心
56809446,阿里巴巴西溪园区
10519753,天下第一财神庙
10520031,拱宸桥
101317,黄公望隐居地
24653992,秀水广场
10519715,中国美术学院象山校区
13534866,万寿禅寺
76308,瑞晶石花洞
24652187,钱江新城
13703454,城市阳台
75758,吴山天风
97478,情人谷景区
101326,白龙潭景区
75775,白堤
81733,杭州龙坞茶村
61583306,啦喜街
52224370,西溪城市文化公园
52075080,杭州西湖风景名胜区-西湖幽静公园
13367520,黄龙极速冰雪世界
56293499,怪街
10520578,中国水利博物馆
76287,中国茶叶博物馆
13640857,小和山
10524097,西湖天地
101662,天钟山
13665060,杭州工艺美术博物馆
10521365,钱塘江大桥
81741,钱王祠
13647413,杭州图书馆
13665090,低碳科技馆
10519909,十里琅珰
10520440,集贤亭
56807095,西兴古镇
76285,玉泉
24332723,皇后公园
52200467,南湖公园
13695414,乌石滩
13840091,五柳巷历史街区
61443571,象山艺术公社
94420,朱炳仁铜雕艺术博物馆
56806283,湖滨路步行街
75754,满陇桂雨
10520107,中国刀剪剑博物馆
24341447,新市街夜市
10519989,法华寺
82479,龙井八景
20353835,简尚艺术画廊
50610964,杭州森林公园 
13844737,珍珠瀑布
70346065,灵山洞 
52133646,魔法小镇儿童乐园幻贝家(远洋乐堤港)
18097362,杭州大剧院
13698643,陆游纪念馆
56809296,武林门码头
30814569,良渚文化艺术中心
31672063,杭州山沟沟景区山水湾山庄
10519941,大兜路历史文化街区
10519814,杭州孔庙
10520586,郁达夫故居
10520105,香积寺
18700877,海马体照相馆
50693969,南宋遗址陈列馆 
56379403,糖果小镇
22866422,凤凰公社文化创意园
24650163,杭州师范大学(下沙校区)
58303517,四季青中国服装第一街 
58251820,王家小姐抛绣球
13844819,鸬鸟山
97597,西溪3D奇幻艺术馆
52521243,金香影温泉洗浴
10519720,西湖博览会博物馆
24650160,杭州钱江新城市民中心
58303539,浙江省杭州市星光大道步行街 
58279786,杭州湘湖旅游度假区 
76375,杭州南宋官窑博物馆
76288,胡庆余堂中药博物馆
76286,中国丝绸博物馆
81740,于谦祠
10519751,苏小小墓
10520106,中国扇博物馆
10520154,南江公园
13647406,十五奎巷
22949643,吉利总部
30623050,良渚文化村白鹭泉汤池
52171073,滨江公园
97347,杭州神博乐园
10519730,凤凰寺
13672474,古涌金门
18097349,西泠印社美术馆
94445,深潭口
24653750,下姜村
22866408,四眼井
10519734,杭州花圃
10524072,巴比松米勒庄园
10519924,京杭大运河博物馆
97357,湖滨国际名品街
10519427,中山公园
10520461,下孙文化村
13676012,孩儿巷98号民居
24310927,蒋经国旧居
24653901,新安江风景名胜区
56778261,浙江大学西溪校区
56810256,东梓关村
10795480,撒欢吧室内儿童乐园
97469,千岛湖好运岛
10519547,黄公望纪念馆
10520046,西山国家森林公园
10520325,跨湖桥遗址博物馆
15053327,17楼密室逃脱
18086942,冰纷万象滑冰场
22986870,月亮岛
10795565,柳溪江
10519756,萧山博物馆
10520108,桥西历史街区
10520130,美丽洲堂
10519514,江南悬空寺
31810590,热气球(万象城购物中心店)
18067917,杭州市萧山区少儿公园
10758928,《西湖之夜》演出
30803110,小魔方亲子剧场
13706510,运河广场
13752807,鼓楼
10794914,爱奇儿童游乐园
56809970,杭州东信和创园
20361866,千岛湖湖人皮划艇俱乐部
10520023,安顶山
13595510,湘湖真人CS
13692970,受降纪念馆
13698669,长乐林场
18137300,萧山简慕真人游戏体验馆
24652165,千岛湖大桥
31662140,塘栖古镇步行街
52223578,紫萱度假村
53874184,江滨公园
56374160,杭州蝶来望湖宾馆儿童乐园
29082185,千岛湖冰雕馆
10520136,海瑞祠
56819181,HELLO ZOO萌宠乐园（杭州余之城店）
81738,柳溪江漂流
55768173,杭州嗒咪动物奇幻乐园
61910004,《超级飞侠-鸟巢总动员》3D全息亲子互动秀
61912426,雪山激流回旋漂流
10519673,紫来洞
13734725,颠九宫真人密室逃亡
13858508,MC精品真人密室逃脱
56294527,聊斋惊魂鬼屋
81731,萧山钱江观潮城
10794837,攀岩主义杭州馆
10520561,洞天河漂流
13407541,西溪湿地真人CS
31759257,黑盒子密室逃脱(庆春银泰店)
52204506,桐庐县天空之城民宿
56810116,中国国际设计博物馆
81717,苏东坡纪念馆
97529,窈口村
97588,西瀑大森林
10519432,汤坑
10519474,美女坝
13662519,杭州世界钱币博物馆
13703348,之江国家旅游度假区
24651172,乐之翼儿童乐园(下沙东东城店)
30611314,“微湖私舫”西湖明珠号游船
20230716,Xcape异时刻密室逃脱(凤起店)
13644440,红叶湾
24656469,临安湍口芦荻古温泉
30667586,岳王公园
56377450,悬挂过山车
10794614,镭之战室内真人CS
100681,双灵村
10519546,九霄碧云洞
20358323,曼妙时光情侣私人影院
24650164,杭州汪庄
24651443,龙坞镇西山森林公园
10519521,月光岛系园
58261155,大地震
18411595,卡乐彩儿童智慧世界
18518810,浙西三尖
20353827,Vic密室逃脱
18097361,杭州剧院
75768,双峰插云
76281,灵峰探梅
81703,武松墓
81718,杨公堤
10558905,三潭岛
89130,中国江南水乡文化博物馆
94428,南山书屋
10758922,金海岸东坡大舞台
97568,昭明大禅院
97595,阳力农庄
100680,浦阳江农庄
101353,神仙峰户外拓展
10524135,超山嗨go派儿童体验城
10547921,浙西三峡快艇飞舟
10519426,黄龙体育中心
10519978,上西村
10520143,三台云水
10520144,浴鹄湾
13302891,太美农场
13425837,海皇星真人CS拓展基地
13644364,萧山极乐寺
13662644,乌龟潭
13664973,清河坊民俗博物馆
13665121,运河谷仓博物馆
13675905,接龙寺
13703299,江寺公园
13753531,仙姑岛
13753734,三生石
13844612,浙地山庄
15060816,1号基地密室逃脱俱乐部
18100917,浙话艺术剧院
18646636,路小西私人影院
18700888,喜悦滑冰
20121472,风和日丽一号店
22866406,西塘村
22970352,一公园
24312879,日本驻杭领事馆旧址
24332533,凤凰御园
24332572,新远木马剧场
52166458,穿越快闪秀
52205206,杭州皋澜滨野营度假村
55937158,银盐空间
56378415,水果部落
76283,超山赏梅
52168026,杨家村银杏公园
55186158,棱镜光娱·全息剧院
63611171,云上草原
97439,莫干山景区
67608770,莫干山开元森泊度假乐园
75802,绍兴柯岩风景区
27327008,东方山水乐园水之王国
68090401,东方山水乐园酷玩王国
44182651,东方山水乐园山之王国
13558555,十八道湾漂流
10758926,绍兴乔波滑雪世界
86076,德清下渚湖湿地公园
79165094,森泊水乐园
28581977,绍兴梦幻水世界
10536920,大香林·兜率天景区
82626,安昌古镇
86732,海宁盐官旅游度假区
25659148,Discovery探索极限主题公园
76190,剑池
57153183,镜湖湿地海洋世界
13412802,上海迪士尼度假区
52075446,上海海昌海洋公园
75627,东方明珠
10559194,上海欢乐谷
101858,上海玛雅海滩水公园
79311,中华恐龙园
75624,上海野生动物园
93331,普陀山风景区
80473,上海海洋水族馆
82473,拙政园
87869,黄山风景区
30745956,上海中心大厦上海之巅观光厅
80261,上海科技馆
75717,南京总统府
23822661,拈花湾
79254,乌镇
55183170,华谊兄弟电影世界
61116204,无锡融创乐园
76790,上海自然博物馆
10758622,横店影视城
25258349,宁波方特东方神画
75696,南京海底世界
80267,上海杜莎夫人蜡像馆
82562699,蓝精灵乐园-上海世茂精灵之城主题乐园
75620,锦江乐园
61114057,无锡融创水世界
75721,灵山大佛
90075,南山竹海
75615,豫园
91408,周庄
23122398,罗蒙环球乐园
18046298,杭州Hello Kitty乐园
57153326,苏州乐园森林世界
76159,虎丘
22865961,银杏湖乐园
79193,上海长风海洋世界
99921,芜湖方特梦幻王国
55705197,深坑秘境乐园-上海世茂精灵之城主题乐园
10758344,金山城市沙滩
10758623,梦幻谷景区
61116205,无锡融创海世界
56555162,太湖龙之梦乐园
100724,西栅
90432,嬉戏谷
101490,宏村景区
86058,上海环球金融中心
75611,外滩
75695,明孝陵
81728,上海动物园
75728,狮子林
90916325,南京玛雅海滩水公园
71535643,EPSON teamLab 无界美术馆：teamLab Borderless Shanghai
80134,牛首山文化旅游区
61112012,无锡融创雪世界
75733,瘦西湖
75725,鼋头渚
10524069,中南百草原
90618,淹城野生动物世界
78117,南沙
91463,三国城
75702,夫子庙
97451,南浔古镇
56094160,南通森林野生动物园
10758929,安吉天目山漂流
82684,天目湖山水园
25608001,上海外滩星空艺术馆
75697,中山陵景区
56426198,世茂Hello Kitty上海滩时光之旅
92227,同里古镇
91770,上海汽车博物馆
76161,寒山寺
76783,上海影视乐园
10542350,九华山
10534110,广富林文化遗址
23987536,大报恩寺遗址公园
10524120,上海电影博物馆
79986,西塘风景区
79165076,幻想岛儿童乐园
24654085,盐官古镇
93499,三清山风景区
13511918,芜湖方特水上乐园
80131,红山森林动物园
30633031,蒙特利亲子乐园
24829520,茅山东方盐湖城·道天下
90595,中国航海博物馆
10558598,留园
15009231,六朝博物馆
24313002,金茂大厦88层观光厅
80556,上海大自然野生昆虫馆
78127,大青山
92225,钟山风景名胜区
97506,溪口风景区
22939437,芜湖方特东方神画
31678124,上方山森林动物世界
80258,外滩观光隧道
77288,善卷洞
80872,东方绿舟
10758646,天目湖御水温泉
10548080,宜兴竹海
85517,藏龙百瀑
10558744,淹城春秋乐园
82664,雅戈尔动物园
82628,鲁镇
13085115,浙东小九寨
76214,美龄宫
79170,朱家角古镇景区
73139234,金牛湖野生动物王国
75787,普济禅寺
80549,南京博物院
10520478,东钱湖水上乐园
82625,上海琉璃艺术博物馆
25247678,碧海银沙（恒大海上威尼斯酒店）
81719,山塘街
90439,上海玻璃博物馆
30027891,芜湖新华联大白鲸海洋公园
76154,世纪公园
13805949,杭州湾海皮岛
10558597,网师园
97450,中国大竹海
31678859,安徒生童话乐园
24591219,上海中心大厦
77340,双龙洞景区
10558757,沙家浜风景区
25474948,SKY RING 屋顶摩天轮
10758519,象山影视城
80116,西递
22880691,茅山宝盛园
97440,雁荡山
15031730,宁波海洋世界
72782210,梅山冰雪大世界主题乐园
28401075,苏州乐园森林水世界
75704,瞻园
76804,东平国家森林公园
86879,温州乐园
96003,灵山胜境
10758612,秦王宫景区
75735,个园
98472,黄浦江游览（十六铺码头）
52863166,湖州影视城
91492,中国科举博物馆(江南贡院)
10758978,天目湖涵田半山温泉
100658,东栅
33247332,恐龙园侏罗纪水世界
22672635,安吉欢乐风暴水上乐园
25073031,上海乐高探索中心
75749,句容茅山景区
71788863,温州极地海洋世界
61932918,苏州湾梦幻水世界
52521168,阿拉的海水上乐园
97589,西栅夜游
10559163,金鸡湖
90594,东滩湿地公园
91423,汤山欢乐水世界
99285,苏州乐园四季恒温水乐园
10547759,婺源篁岭
63610615,星潮营地云霄飞渡玻璃漂流
93339,东沙
76769,翡翠谷
101981,冒险岛水世界
90600,雪窦山
10524091,田子坊
73137460,上海星空艺术馆
79275,神仙居
75614,金茂大厦
85589661,季高兔窝窝亲子园
10524099,无锡动物园（太湖欢乐园）
82717,木渎古镇
91464,水浒城
79579923,上海梵高星空艺术馆
10559070,安吉竹博园
101467,龙王山峡谷漂流
78087,天一阁博物馆
10536239,天目湖水世界
71571554,MOI幻觉艺术博物馆
10758615,清明上河图景区
28446828,松岭竹海漂流
100715,朱家尖风景区
13376566,南通水上乐园
80719,磁浮列车
86070,苏州古运河
76215,珍珠泉风景区
25276237,上海观复博物馆
22644970,水之梦乐园
10758440,古堰画乡景区
97414,明清宫苑景区
10795197,将军关探险漂流
90596,上海辰山植物园
10758886,汤山一号温泉度假区
13529949,蒋氏故里景区
15009176,秦淮河画舫
85741,穹窿山
10524102,金山
80578,太平湖
87836,南通海底世界
75734,大明寺
31062636,上海大世界
75720,蠡园
29961243,横店梦幻谷水世界
88986,上海海湾国家森林公园
97507,仙都景区（中国黄帝文化名山）
97385,九龙山乐满地水上乐园
82450,上海滨江森林公园
10770621,江宁织造博物馆
86784,惠山古镇
90761607,太湖龙之梦嬉水世界
75709,栖霞山
75715,鸡鸣寺
77656,琼台仙谷
75736,何园
10530646,天目湖
10758970,“快乐船长”黄浦江游船
87932,中国渔村
10758627,广州街香港街
33462404,嬉戏谷完美水世界
56809793,原乡小镇景区
76169,天平山
82775,枫泾古镇
75815,东湖
10763561,常州金鹰海洋世界
78757780,火影忍者世界
76797,上海大观园
76177,濠河风景名胜区
97502,乌石塘
24302219,陆家嘴
86069,阅江楼
79525,林屋洞
80681,宁波五龙潭景区
24762159,上海JOYPOLIS世嘉都市乐园
75726,沧浪亭
75803,兰亭
10758777,《印象普陀》演出
18610768,多乐岛蹦床公园
10559115,香山景区
82716,甪直古镇
30733069,苏州梦幻乐园
56376162,云顶草上世界
76803,太阳岛旅游度假区
83582734,龙之梦动物世界
86878,温州动物园
13805941,歌斐颂巧克力小镇
10524182,徽州古城
13376611,永联水上乐园
91593,白马涧龙池景区
79264,江心屿
82422,龙湾潭国家森林公园
10555629,杭州湾国家湿地公园
80143,盘门
15004574,东海半边山
93328,牛头山国家森林公园
10558988,扬州古运河
97611,云和梯田景区
80577,西海大峡谷
65187156,龙出没穿越漂流
13423239,南山漂流
77678,刘伯温故里旅游景区-百丈漈
10524073,南湖景区
10558943,中视无锡影视基地
10524117,苏州海洋馆
96090,狼山风景区
85402,琅琊山景区
23108076,田园嘉乐比乐园
10758168,浦江游览
84645,齐云山
76157,耦园
33514773,藏龙百瀑漂流
10559068,新安江山水画廊
97343,义乌海洋世界
85353,金山寺
22558893,横店圆明新园
10558623,尚湖风景区
33348673,五龙潭青云峡漂流
31677117,东方明珠豪华浦江游船
18515765,环球恐龙城
49526405,南京万达乐园
10558743,夫子庙秦淮河风光带
90992,顾村公园
61907010,上海万达汽车乐园
10557844,五龙源漂流
59709162,不可思议减压馆（旗舰店）
77445625,三体·时空沉浸展
85220247,湖州长颈鹿庄园
39073508,嘉兴欢乐世界
89351,南尖岩景区
80668,呈坎
10558772,朝天宫
10519556,天台山风景区
85272,桃花潭
18054293,永嘉书院
23851737,木心美术馆
75747,焦山
98986,婺源风景区
30812597,南极岛冰雪乐园
10520199,荡口古镇
99300,苏州太湖国家湿地公园
98991,瑶里景区
75748,北固山
10558594,中华门瓮城
10521317,南京城墙
75621,中共一大会址
88951,地下长河景区
28182748,金鸡湖游船
79402,东钱湖
56160155,上海惊魂密境
75698,灵谷景区
48620857,浦江郊野公园奇迹花园
83988,荷塘月色湿地公园
10759504,汤山紫清湖旅游区
86128,东极岛风景区
61427252,南京失恋博物馆
88637,九龙湖景区
61115410,黄浦江游览快线游（金陵东路码头）
29890902,鸠兹古镇
61141373,魔都矩阵
51865121,上饶欢乐风暴水上乐园
10558288,夜游护城河
22936866,漩门湾水上乐园
10533320,震旦博物馆
10535786,苏州上方山国家森林公园
83464,茱萸湾风景区
18054301,都市观光旅游巴士
61443566,上海失恋博物馆
79702,采石矶
79430,台州府城文化旅游区
20948063,黄海森林公园
81373,丹山赤水
97384,卡乐福未来水世界
90308651,四季冰雪乐园
10520314,黄金海滩
76186,亭林园
87924,石浦渔港古城
77332,张公洞
79285,江郎山景区
10530243,汉广陵王墓博物馆
76784,天马山公园
23850209,“龙船”浦江夜游
57240155,梅山湾沙滩公园
80105,棠樾牌坊群鲍家花园
10758139,宝华山国家森林公园
80325,木坑竹海
71572355,独角兽星空艺术馆 田子坊旗舰店
76421,九龙瀑
10533456,世博会博物馆
79213695,大青山野生动物世界
31658646,上海市历史博物馆
13407543,药王山漂流
76224,锦溪古镇
83089,重元寺
79437,长屿硐天
88248,岩头古村漂流
79438759,上渚山奇幻谷
10765020,石台牯牛降
88162,四明山国家森林公园
61946660,金鹰动物世界
101489,南屏景区
33810097,巨龙温泉·水世界
85528,江南天池
80683,达蓬山旅游度假区
88231,巨石山
10558773,老山国家森林公园
88950,诸葛八卦村
79272,蛇蟠岛
97547,神牛谷漂流
91630,甘家大院
25247723,灵江源景区
39799772,欢乐岛游乐园
75714,莫愁湖景区
49630215,扬州极地海洋世界
71572534,莫干山魔方乐园
97448,浙北峡谷漂流
79451869,金华万泰海立方海洋公园
86644,浮梁古县衙景区
13647371,生命奥秘博物馆
97314,海天一洲
97428,石梁飞瀑
86121,桃花岛风景区
87952,象山石浦檀头山岛
70400953,上引生活水世界
85796,楠溪江风景旅游区
77237,大龙湫景区
36427993,浦江郊野公园
20911469,扬州水上乐园
99900,夹溪河漂流
82267972,融创·欢喜欢喜乐园
51882595,裸心堡
76178,水绘园
87968,马仁奇峰风景区
77333,灵谷洞
13566832,龙溪漂流
97447,浙北大峡谷
79700,太极洞
78437157,上海泡面博物馆
13554041,百丈飞瀑漂流
82198,艺圃
10519563,夫子庙大成殿
77415448,太湖秀剧场
62087920,上海星空失恋博物馆
56819163,海澜飞马水城
33786782,瑞安幸福谷乐园
88718,灵山风景名胜区
76212,石桅岩
52521176,三江夜游
85282,查济
10536578,金庸书院
76419,芙蓉谷
57153236,星立方蹦床主题公园
88254,祁门牯牛降
91693,源芳大峡谷漂流
10770412,莫干山峡谷漂流
75818,鉴湖
86822,灵峰景区
34160075,台州湾野生动物园
10795175,张家港市暨阳湖欢乐世界
101245,五泄奇幻漂流
10559377,南长街
10795423,天生桥景区
91527,方塔园
76271,徐凫岩玻璃栈道景区
75792,法雨寺
10770740,水墨汀溪风景区
90680592,紫金山昆虫博物馆
13692999,可园
10532907,鼎湖峰
23088375,无锡海洋馆
28497148,太阳岛沙滩
30052415,乌村
10547735,浮盖山峡谷漂流
10558624,虞山景区
68092202,温州童游城主题亲子乐园
27743761,愚园
81726,音乐台
101118,杨家寨
61939809,无锡融创文旅城
82229,招宝山
75731,环秀山庄
80866,朱家尖白山景区
78091,梁祝文化公园
89059,梁皇山景区
79697,敬亭山
13207023,泽雅漂流
97530,药王山
55706180,茅洋玻璃栈道
33634773,裸心谷
77674,大沙岙
75730,怡园
23050509,好行观光巴士
30801907,嘉兴极地海洋馆
87992,溱湖国家湿地公园
83300,鄣山大峡谷
13324609,泡泡水上乐园
101345,花岙石林
10758971,BUS TOUR 上海观光游
85706,遂昌金矿国家矿山公园
76189,千灯古镇
85688,十八涡景区
89058,前童古镇
70531876,三清山逍遥谷
61912587,南山漂流
10795224,神龙谷漂流
97566,月湖公园
56146161,七星谷景区
86832,灵岩景区
56381204,爵隐马术
88023564,象山上周玻璃桥
79271,仙叠岩
76170,天池山
90615,中国醋文化博物馆
56383154,小猪佩奇的玩趣世界
13551383,邬家庄园水上乐园
33765064,古运河夜游
76239,新昌大佛寺景区
87258,台州海洋世界
97430,梅花洲
31082471,千峡湖生态旅游度假区
71530793,豫园星空梦幻馆
13806244,周浦花海
10524116,金华动物园
34267754,路桥石浜水上乐园
10519603,淹城遗址公园
61937281,庾村文化市集
58378241,梵高星空艺术馆
71573604,宁波火车来斯体验园
78415685,莫干山桃坡探险乐园
101974,弘阳未来世界
82248,神丽峡
55190155,路虎湖州体验中心
18244545,大阳山植物园景区
78919062,云上草原星空滑雪场
13210468,仙龙峡漂流
101977,清名桥古运河景区
15055054,四方当代美术馆
76249,小莲庄
10558756,陶祖圣境
89377,神龙谷
85283,江南第一漂
98177,九华天池
85683,安吉黄浦江源漂流
79307,天宁寺
75814,沈园
91717,秀里景区
76800,月湖雕塑公园
61584776,梵高星空艺术馆
79508,卢宅建筑群
56706154,汤山矿坑公园
79391,廿八都
24652276,清水湾水上大世界
88526,望海楼
36952825,宝龙美术馆
79454,李坑景区
100995,徽州大峡谷
61933266,中南玄武湖乐园
13359219,珍珠泉水上世界
99846,东林寺
92248,扬州八怪纪念馆
22946799,泽雅龙溪漂流
55698155,《寻梦山塘》实景演出
10524104,大禹陵
10524119,南京路步行街
91339,明珠湖公园
76210,崖下库
97473,千佛山景区
67830112,秋雪湖水世界
92333,天宫庄园
31050692,创想机器人科技馆
60514878,紫金山探险公园
84613568,莫干山庾村景区
76310,锡惠公园
55703180,灵江源高空河道漂流
10770415,宁波科学探索中心
77318,方洞
61113067,双童山景区
78582560,上海奇幻解压馆
71570612,荣耀天空之城玻璃漂流
28619184,南通洲际绿博园
10758598,恐龙谷温泉
28418882,仙人谷漂流
33034650,绍兴镜湖湿地儿童乐园
22867277,玉帘瀑布
79522,东山雕花楼
10758140,西津渡古街
31672237,顾村公园自然谷恐龙乐园
75750,南山
82633,镜湖国家城市湿地公园
29883446,青田乐园室内滑雪场
79387,龙游石窟
10548056,小黄山大峡谷漂流
13656748,纸箱王主题创意园区
56094159,华谊兄弟电影世界星光大道
98219,卢村
10548203,《观世音》演出
18421292,阳澄湖半岛旅游度假区
23423952,雨发生态旅游区
93345,射雕英雄传旅游城
65192154,江南环球港世界港口小镇
57143158,赛梦微缩世界·百年外滩
82299,箬寮原始林
13698741,云澜湾温泉
20971425,西递石林景区
77292,中国宜兴陶瓷博物馆
57153305,欧诗漫珍珠小镇
22567526,好望角欢乐水世界
61117220,瓯江夜游
48561582,德清桃坡新西兰滑板车
53467154,铜钹山漂流
79532,石公山
85610,马陆葡萄主题公园
75817,吼山
76501,海宁潮
10519973,达蓬山亲子乐园
97285,保国寺古建筑博物馆
10520215,中国黄酒博物馆
23104161,马可波罗花世界
18832201,杭州湾海上花田
10558745,华西村
87768970,银杏谷激情漂流
98673,上海鲜花港
92314031,水竹湾峡谷漂流
92335,洞头风景区
76793,曲水园
101105,百丈崖
83290,庆安会馆
91001,长风公园
82263,江湾景区
31704258,上海欢乐谷·神奇马戏团
28619212,乐世界儿童王国
75805,鲁迅故里景区
57125977,宝库匠心馆
35191088,复星艺术中心
56373243,芜湖方特旅游区
86093,滴翠潭
31678902,艺仓美术馆
97487,寿仙谷漂流
22645050,麦鲁小城
71571612,宁波阿狸田野农场
30434122,绍兴科技馆
90287,九华大王洞风景区
18023594,圆通寺
55415160,动霸CHUA蹦床乐园
75701,中山植物园
76199,天池
77661726,莫干山玩得疯乐园
49938738,朱家尖渔人洲码头安康出海捕鱼体验
10523915,船村
75723,梅园
76191,芦花荡
101315,棠云西江漂流
15396862,椒江潜艇观光基地
48927551,莫干山胡润山浩丛林冒险乐园
86090,防风山
88304,昆山《四季周庄》演出
96765,金凤凰温泉度假村
10519473,老盐仓
30623104,龙凤谷景区
92119,上海滨海森林公园
41202511,启迪乔波滑雪场
87725,李香君故居
86045,大唐贡茶院
76221,双桥
97262,白龙潭水上乐园
87990,溱潼古镇
55415174,海昌萌宠Park
10519401,湘家荡月亮湾沙滩
87942,瓜渚湖
95654,月沼
76198,莫干湖
70025362,岭南景区
30501652,长兴岛郊野公园
35809720,中国海影城海上传奇主题乐园
33764982,柯岩景区乌篷船观光
10523085,东浦古镇
86626,洪源仙境
79398442,上海星空艺术馆（遇光星球）
97534,绍兴黄酒城
29975161,固城湖水慢城
76232,退思园
20358337,蚕乐谷
75743,扬州双博馆
97422,清水湾沁温泉
79509,百山祖景区
89758,茅山新四军纪念馆
24650820,金坛茅山风景区
92723674,国家地理·深蓝EXPLORING BLUE
10795090,仙龙峡运动营地
98507,南翔古镇
24934300,王位山
23529077,天鹅堡室内滑雪场
85362,焦山古炮台
92081,八音盒珍品陈列馆
57151330,独角兽星空艺术馆
98617,上海东方地质科普馆
33033293,莫干山民国图书馆
82562709,华腾猪舍里
69560244,湖州市驾云山风景区
97382,九溪欢乐谷
56381173,达人村
61934627,乐岛
90511,西小河历史街区
10542012,旭光台
22544525,守拙园
94317781,上海奇境迷宫探险馆
87769,平江路历史街区
10795310,大浦乡村世界
91524,西山
100689,善琏湖笔小镇
85213,鲍家花园
61453154,申城观光双层巴士
48654510,松岭部落
18195641,观瀑亭
39157680,莫干山沈园户外拓展营地
10547795,枧潭漂流
31065935,开心休博园
10758204,南北湖
56376192,水晶公主轮
85746,河阳古民居
33786686,依云岩泉水会
33520619,梦享海洋公园
86604,济公故居
76236,海神庙
76262,天悦湾南长涂沙滩
99292,苏州园林博物馆
82199,虹饮山房
85274,龙泉洞
79128,占鳌塔
79129,鱼鳞石塘
79130,陈阁老宅
10536620,丰子恺纪念馆
10537209,环翠公园
10519444,含山旅游区
10759302,鉴湖高尔夫球会
55703172,柯桥水上旅游巴士
57239179,乐岛水上三轮车
77663717,安吉戎创拓奇军旅文化园
56746158,大梦微城火车模型迷你世界主题乐园
79279,东西岩景区
88660581,塘河夜画
93327,舞龙峡景区
10794527,桃渚古城
67630588,奇云大漂流
76582,光明顶
55421173,米开朗冰淇淋博物馆
36831332,绍兴古城
10536941,徐锡麟故居
79398445,中国湖笔文化馆
79958598,万沅网咖(滨海天心店)
79958622,风宇网吧
79958740,新世界网吧
79958934,雀友棋牌
79959061,芙蓉的士高歌舞厅
79959087,昌明棋牌
79959215,浩东健身
79959229,158足道
79959294,小丫头足浴(袍江店)
79962564,白金瀚宫KTV(马臻路店)
79972085,名城影院式足道
79984956,韩都汗蒸
84556760,多乐岛运动娱乐城（蹦床公园）浦东永乐广场店
79663,褒禅山景区
97617,云和湖仙宫景区
79280,石门洞
20361818,东旦时尚运动沙滩
101104,杏花村风景区
90053006,飞腾峡漂流
76792,醉白池
79600,凤城河梅园
60699848,尚田小镇
70348561,MOUMOU海岛农场
71534497,安吉灵溪山风景区
96345,天颐温泉
84663,打鼓岭
101343,四明山地质公园景区
85687,白石湾景区
57153282,风崖谷
29079407,马溪漂流
87916,高淳老街
10524126,护城河
77445553,野鸽公园
97492,唐风露天温泉
99907,香溪漂流
56382174,新浜荷花园
44181759,涟泉大江户（上海莘庄店）
97783,古猿人洞
23052459,荷花博览园
79661,紫微洞
56382185,太湖湾露营谷
10758595,瘦西湖温泉度假村
24649136,吹台山森林公园
97377,九龙谷漂流
76240,十九峰
93029559,长生鹿苑
97491,瑞安双溪寨漂流
34371537,滑鼠丛林飞越探险乐园
49183606,花千谷主题乐园
79529,启园
33111210,宁波植物园
18240648,江苏万驰国际赛车场
55337157,植物大战僵尸农场
57151337,新街口音乐星空艺术馆
71540663,海之湾户外大本营
79698,中国鳄鱼湖
79277,大鹿岛
10771464,宣纸文化园
61461155,永泉忆江南十二景
89952,缥缈峰
61907757,大地之光艺术公社
97464,磐安百杖潭
36232774,飞鸿滑草场
97427,深溪峡谷漂流
10547911,九华山大愿文化园
100734,“渔光曲号”环港环岛
33764225,火车来斯
13566824,花园游乐园
85586,城市生态森林公园
92243,万鸟园
61948500,涟泉大江户(虹桥店)
76256,啬园
28758987,甪直古镇游船
56735158,Mr.Kuma雪之乐园
79535,雨花胜境
76971,课植园
93500,大鄣山卧龙谷
91765,召稼楼
24062160,张家港梦幻海洋王国
97417,达人谷度假乐园
77224,三折瀑景区
10794719,扬州天乐湖嬉乐谷
56097190,东太湖游泳场
10519675,金山嘴渔村
97496,天脊龙门
82102,凤凰岛生态旅游区
80238,丽水古街
13562508,姑苏水上游
47959004,雁荡山飞拉达景区
94234346,西汉广德国都景区
49186472,艾瑞克真雪滑雪中心
10795385,温岭方山景区
89948,明月湾古村
10794741,柏庄儿童王国
95247093,鹏新海洋世界
91337,瀛东村
23911061,慈溪达蓬山温泉
79256,沈家门渔港
81897176,象山龙屿旅游景区
18560546,《梦里老家》实景演出
101480,新安江滨水旅游景区
30635070,江南古运河游船
93354,九子岩景区
80324,塔川
10548643,根宫佛国文化旅游区
49183615,周庄绿乐园
79369,绮园景区
101106,蓬莱仙洞
79435,永安溪漂流
99918,徽商大宅院
13695490,锦林佛手文化园
31183193,千华古村
10554697,大阳山国家森林公园
55416186,天乐湖漂流
93521,铜钹山景区
79287,仙霞关戴笠故居
13412821,佛缘谷漂流
71519336,TaxiWay飞行中心（梅奔旗舰店）
90053012,第十六届中国国际动漫游戏博览会CCG EXPO2020
70529735,潘多拉星空艺术馆（无锡旗舰店）
28408248,迪士尼小镇
91733,金牛湖
71540082,东方巨石阵
13806250,上海木文化博物馆
33105705,覆卮山冰川漂流
56601171,来安兴茂国际旅游度假区
75793,慧济寺
70322146,上海摸摸乐萌宠园室内动物园
63599716,西太湖影视基地
24363561,新魔幻趣味馆
10758920,荷花山漂流
100656,慈城古县城
50955872,上海寻梦源梦水乡
82358,南禅寺
28627556,瘦西湖游船
65194413,太平湖峡谷漂流
56746154,永银钱币博物馆
92038,东关街历史街区
10548059,千年香榧探险漂流
23866596,扬州乐园
82121,苏州博物馆
81751,静思园
69099604,杨家寨高空玻璃漂流
97562,峡谷景廊
49211956,苏州5D星空错觉艺术馆
79077080,东钱湖山水君澜度假酒店长乐里山汤泉
88267,太湖山景区
10524093,城隍庙旅游区
101351,江南大峡谷军事漂流
13399043,浙中乐园
24757495,苏州湾王焰温泉
95247041,龙川峡谷漂流
10558596,玄武湖
10519872,雪浪山生态园
82667,东钱湖福泉山景区
92265465,月亮湾风景区·水上乐园			
48577719,鲜花小镇
76204,芙蓉古村
33141703,文峰公园海洋乐园
77675,半屏山
77264,小赤壁
28191351,云澜湾·四季花海乐园
31050635,溱湖海洋世界
13721594,上弦机械密室逃脱工作室（七宝老街店）
45271812,汤悦城市漫生活广场
97555,天宫城堡
10558287,山塘昆曲馆
10524092,新天地
22866803,阳产土楼
44179737,象山源之圆温泉馆
30761488,灵峰山景区
18150091,波兰倒置屋
78745670,元祖梦世界
97400,龙穿峡景区
91536,古猗园
29950533,上海薰衣草公园
51112161,浙江安吉热气球自由飞行
93343,东沙古镇
84386311,世界插画大展：安徒生终身成就奖50周年展
63612231,冰天雪地乐园
93283,凤城河乔园
87978,陶辛水韵
31794254,乐水滴水湖水上运动基地
85609,寿仙谷
56602172,灵峰山森仙动物农场
79506,方岩风景名胜区
97598,天下银坑景区
80828,百丈飞瀑
10548118,溧水周园
90053013,潘家小镇情人谷
30554998,天目湖美岕山野温泉
10758887,颐尚温泉
93188774,鄣吴溪漂流
15011817,巴布洛生态谷
10559177,滴水湖
10644520,怪潭景区
95838563,2020上海金山城市沙滩 “Hold浪”音乐啤酒嘉年华
91489,南京1912街
55185157,金鸡岩景区
48265531,九龙湾花彩小镇
10773384,黎里古镇
33190543,太湖之星摩天轮
61949534,恐龙人俱乐部（上海白玉兰广场店）
89312269,皖南大峡谷激情漂流
82779,大红岩景区
101551,第九洞天大穿越
86043,仙山湖风景区
80268,中华艺术宫
93334,秀山岛滑泥主题公园
10795252,东钱湖陶公岛景区
20358309,纸箱王主题乐园
97483,石鹅湖
56383208,洞头海上高空蹦极
71530446,欧悦水上乐园
10520556,玉女潭景区
13210502,黄金谷漂流
87849,1933老场坊
83299,恩龙世界木屋村
10758924,宁海森林温泉
85529,九龙峡景区
60696966,上房园艺·梦花园
51119374,赣东北水上乐园
93321,西溪旅游文化景区
101487,夏霖九天银瀑风景区
10770485,青龙双河漂流
30791910,三国村
92077,上海儿童博物馆
24032367,梦多多小镇儿童社会体验公园
52524287,威尼斯水城
33764587,谷里薰衣草庄园
13484792,秋浦河水上乐园
93286,凤城河望海楼
82395,卢氏盐商住宅
79559407,南京恋爱博物馆
94853,华侨城云海温泉
95050103,青龙潭激情漂流景区
29909600,好莱坞魔法城
10758346,热带风暴水上乐园
101961,秋浦河景区
24653215,天荒坪风景区
10758345,碧海金沙
31679731,德云社
10548698,上海城隍庙
87965,芜湖方特欢乐世界
83735,马勒别墅
56291154,湖州飞鸿滑草场
85619,枸杞岛
13378886,会稽山峡洞漂流
90993,泰晤士小镇
10524181,龙川风景区
31660186,老码头阳光沙滩
18603672,田园东方蜜桃村
90916352,安吉潴口溪水上乐园
80269,上海老街
28479444,NBA乐园
69579264,嵊泗列岛风景名胜区
15410417,张省艺术馆
71540259,苏州失恋博物馆（旗舰店）
23129901,长城梦世界影视城
40040945,中国3D打印文化博物馆
31678187,花开海上生态园
13695484,CFC飞行公馆
78408028,小灶村体验农场
10520092,西山雕花楼
98941,老门东历史街区
18208192,恐龙城迪诺水镇
30516219,大如意圣境
87267,仙居风景名胜区
36764136,神马农场
18400407,珍得巧克力剧院
10762997,牯牛降九龙
36489578,艾酷极限蹦极俱乐部
10524108,南塘老街
86040,长兴八都岕景区
89409496,千年绮华-从敦煌到高昌宝石壁画沉浸式展览
76347,方塔园
50961267,阳澄湖水上公园游乐场
61906810,途居南通开沙岛露营地
97906,深业半汤御泉庄温泉
34491042,宜兴竹林漂流
82653,老外滩
30629589,嘉南美地半山温泉
10558602,烟雨长廊
22644992,秋雪湖欢乐世界
98514,南翔檀园
10770546,太仓现代农业园
10758356,上海马戏城
56095155,花山滑翔伞基地
31658845,奉新海滩
79350413,上海松江梵高梦境星空馆
23088437,古徽州文化旅游区
80129,南京明故宫遗址公园
33177877,宜兴竹海国际氡泉
56376218,池杉湖国家湿地公园
87973,丫山花海石林
57153281,栖心谷
87773072,天台山大瀑布
73430433,汽车来斯
18208214,SAM主题乐园
92115,佘山国家森林公园
57719353,1192弄老上海风情街
86026,中国湖笔博物馆
55421170,万博鱼游艇会
33834234,夏渡水上乐园
23462268,捺山地质公园
36690626,宝燕乐园（旗舰店）
69217728,月亮湾风景区
43966685,猪猪星球
15156815,上海世博展览馆
10523819,思南公馆
64261223,苏州失恋博物馆（观前旗舰店）
101339,浙东大竹海景区
77445628,宁波多乐岛蹦床乐园
76155,梅花山
31677785,泰迪熊主题乐园
13471304,南极漂流
15398259,冒险森林
10794836,图影生态湿地文化园
92246,苏州太湖牛仔风情度假村
10795084,中国青瓷小镇·披云青瓷文化园
55622185,奈尔宝家庭中心
24826521,醉山野度假区
29887620,白马梦幻水上乐园
64259890,南通海昌萌宠Park
31678022,苏州御窑金砖博物馆
80117,茅盾故居
18090817,绍兴乌篷船观光
27241823,竹尖玻璃栈道
91469,南京大学
87771,剑山
71564255,苏州湾梦幻星空艺术馆
39832467,苏宁艺术馆
90289,仙寓山
79276,石塘
101108,鱼龙洞
82714,洞庭东山
76798,淀山湖风景区
80139,阳山碑材
55421159,赛乐姆水上乐园
24653330,同里国家湿地公园
25190646,提篮桥监狱
90994,甜爱路
10520511,王导谢安纪念馆
10795536,湖州月亮温泉
80264246,A+JUMP室内跳伞蹦床公园
34272458,五泄漂流
87835037,铁定溜溜
10524079,观前街
91386,香榧森林公园
76260,太湖旅游度假区
18100816,龙池山自行车公园
86027,赵孟頫艺术馆
97363,黄岩大瀑布
36228019,金沙滩
95683,中华孝道园
101990,信江源金沙谷漂流
87936,上海交通大学
69575008,南京野生动物园
79444217,【上海】陈奕迅2020年Fear and Dreams演唱会
13378919,苏州奕欧来奥特莱斯
79463602,滕头乐园
10520504,猴王谷景区
13298181,云台阁
10533357,浦东第一图书馆
80666,屏山村
95329106,翼天欢乐世界
79412,33米高南海观音
38335369,秋浦河怪潭漂流
61584777,上海奕欧来奥特莱斯
87865,毛泽东旧居
10797040,冰河谷漂流
92079,上海昆虫博物馆
39860172,桐庐漂流农家乐
96762,江南农耕文化园
15009193,江苏江宁汤山方山国家地质公园博物馆
77460268,浙江自然博物院(安吉馆)
97510,景星岩
87937,复旦大学
89819,休宁大熊猫生态乐园
10524080,唐城遗址
24033189,汤连得温泉馆（118店）
15058942,天德湖温泉
24301253,黄浦江
13167812,无锡影都华莱坞
10758888,汤山圣泉温泉
64264500,A+JUMP蹦床公园
15004453,宁波九峰山景区
75806,会稽山风景区
29931115,外滩观光隧道未来艺术馆
70400181,嘟噜嘟噜萌宠乐园(第一八佰伴店)
95757259,奇思妙想艺术馆
30624798,碧波泉水城
82652,鼓楼
39212173,欢乐岛水上乐园
87119,燕园
101888,中翔绍兴温泉城
87476,凤城河风景区
30541846,花谷奇缘
24843015,诚品书店
75781,送子来凤桥
56426197,小六石村
32773913,普陀山佛顶山索道
84019,西沙湿地公园
88281,香泉温泉
97033,凤城河桃园
30435597,小蜜蜂农场
100501,渔洋山景区
73342980,SlamBall斯篮搏运动娱乐中心
87928,松兰山海滨度假区
73428655,南通青青牧场
29874593,零度滑雪室内训练中心（环球港店）
29898761,大康水上乐园
91000,新场古镇
61428297,环球燃擎卡丁车（江南环球港店）
95679,镇江米芾书法公园
57153154,夏威夷汤泉
10758596,绿羊温泉
86224,千丈幽谷
97504,伍山海滨石窟
79530,三山岛
87835,吕四风情区
25161554,苏州太湖园博园
52865162,红岩溪漂流
36951501,林克斯温泉
24820329,若航南京老山直升机场
79255,定海古城
80221,东崖绝壁
98632,上海都市菜园
71565157,昆山流浪地球未来光影乐园
79450,屯溪老街
82529196,水母云-1618
87770,军山
10535840,苏州太湖湖滨国家湿地公园
95050386,野乐谷亲子乐园
61925593,龙映山高山急速水滑道漂流
92314048,营盘山国际营地暨知行园
79380,中国扬子鳄村
77636,华顶国家森林公园
101283,江南三民文化村
101982,桃江十三渚
15149653,石塘竹海
39860119,南汇新城海滩
59711782,蓝山湾木艺生态小镇
76172,陆巷古村
70531901,水域探秘 
13773605,安丰古街
36051158,漫园
86124,桃花峪景区
30099964,飞龙栈道
41202175,白马公园时光岛乐园
82870,外白渡桥
10771133,三清山金沙索道
90998,上海外滩美术馆
91002,人民广场
92265449,九号卡丁体验中心
83169,M50创意园
99322,无锡海底世界
52252120,雪浪山薰衣草园
89962791,温岭山海之韵
10532643,唐城
57154264,越剧小镇
30511887,天目湖御湖半岛温泉
31050707,江南大峡谷景区
82872,中国农民画村
77622749,泡泡公园
51709939,儿童公园
50957814,苏州黎里六悦·六悦博物馆
93504621,滩涂赶海乐园
85277,徽杭古道
98646,上海风电科普馆
31082549,上海名人蜡像馆
101116,虎林园
82206,绍兴鲁迅故居
56140154,不眠之夜Sleep No More
89634,花台景区
24826544,“蓝森号”黄浦江游轮
52520390,绿林谷景区
79658,姥山岛
95734820,【上海站】【限量抢票】第23届亚洲宠物展
61427317,宁海湾旅游度假区
86509,张家港凤凰山景区
10533489,殡葬博物馆
24718009,零度滑雪室内训练中心
79253,九龙山旅游度假区
70539005,伊酷拉精灵农庄
81469524,苏州Q宠乐园
98432,崇明岛国家地质公园
79442357,上海恋爱博物馆
91678679,白龙谷滑道漂流
78387847,疯狂卡丁车俱乐部
93506,九仙湖景区
90509,仓桥直街
13103134,巨浪谷水上乐园
33242808,圆明新园皇家动物乐园
97528,阳明温泉
100735,玉环漩门湾观光农业园
24653061,台州东方太阳城
82766,郭洞
76306,太湖仙岛
73135691,嘉兴MINI梦多多小镇
87054,苏州中国花卉植物园
78406039,芜湖爱丽茂动物王国
85527,黄浦江源龙王山(长潭村)
10533894,南汇嘴观海公园
13684629,天乐湖温泉
79218537,【苏州】张杰2020年「未·LIVE]演唱会
31862526,陆家嘴金融城环球艺术空间
10557830,天湖漂流
56810001,三瓜公社
56094182,太湖石窟
99150,南京地质博物馆
87979,天门山
79603060,夫子庙5D光影星空艺术馆
79435377,爱洛斯云廊
15009050,梅山岛
82695,瓦屋山
78415689,龙溪生态游乐园
10772982,上海当代艺术博物馆
79947,汪口
101135,天湖景区
79413,洛迦山
31677386,川沙老街
70021378,金鸡湖景区-金鸡湖音乐喷泉
31077329,九华神龙谷
38332638,夏威夷水上乐园
10758732,梁鸿湿地公园
79396039,【扬州】李宗盛2020年[有歌之年]演唱会
33207982,安庆海洋世界
56212167,扬州枣林湾园博园
80054077,上海静安区明当代美术馆
10795390,中国刺绣艺术馆
10519986,朱家角人文艺术馆
20908669,国家会展中心
82618,枫桥景区
97298,长谷洞天
87859,鹅鼻嘴公园
77602920,常州梵高星空艺术馆
90602,韩湘水博园
13656742,梅李聚沙园
15009099,高淳国际慢城
97514,响石山景区
67869253,三水滩度假区
58278680,金华双龙洞 
79310,篦箕巷
67836221,别桥原乡景区
33050779,西湖欢乐世界
36170769,芜湖科技馆
97761,凤城河画舫游船
79308,红梅公园
83762992,金华梦境自然博物馆
76180,南通博物苑
36224022,凤凰湖
88024,口岸雕花楼景区（柴墟古镇）
91634,狮子桥美食街
96763,恬庄古街
62177173,TaxiWay飞行中心(新天地店)
87833,圆陀角风景区
80176,三味书屋
97299,长兴城山沟景区
24652951,松兰山海滨浴场
51119388,《美女与野兽》音乐剧
70399677,龙现代艺术中心
25441325,Speed one 卡丁车（国际）卡丁车俱乐部
15046101,杨柳村古建筑群
81777,江岭景区
83294,铜铃山森林公园
95420073,大梦想城恐龙园
80275,长兴岛
61909812,水墨上河
13407549,新处峡绿谷漂流景区
70529095,大尖山滑翔基地
10535527,情侣园
25190836,真枪会射击俱乐部（奥体嘉业国际城店）
39195050,中国安吉生态博物馆
93926782,探洞工场（大宁旗舰店）
10763296,无锡长泾老街
18564008,捷安特工厂
29967919,东阳三都屏岩三都胜境景区
36841192,新华联童梦乐园
18390454,苏州吴中太湖旅游区
31077095,达摩古洞
87960,渔山列岛
96072,苏州旺山九龙潭风景区
13380975,册子岛月亮湾景区
87960058,桃花潭10℃竹筏漂流
95144977,汤山一品温泉
95657751,荷香民俗园
83709429,安吉驭风铜锣山飞行营地
39217624,意得梦幻水上乐园
101265,城市绿谷景区
52209780,蹦极
33764115,马畈农业奇幻乐园
92228,阳澄湖水上公园
58381230,龙潭花谷
65159960,zoonana萌宠科普乐园
80285,多伦路文化名人街
85407,浮山
76208,九漈石门台
87773,黄泥山
92116,世博后滩湿地公园
24653172,桃花坞
50955284,浙江横店热气球自由飞行
55413172,雁荡山峡谷漂流
24652979,苏州天幕
38650993,欢乐谷水上乐园
31078474,水八仙生态园
87821,上海消防博物馆
10572931,三衢石林
79007291,汤山漫温泉
84903,江南第一家
10535954,宋夹城考古遗址公园
80175,百草园
79463698,【上海】刘德华My Love2020年巡回演唱会
10536861,猛洞河仙溪漂流
10547918,达蓬山仙佛谷景区
55707198,逸帆航海俱乐部
36817518,佛顶寺
15009209,平山森林公园
91390,东白山
15397367,水上集市
25330865,阳山桃花岛景观公园
39608129,临海安基山滑翔基地
10771127,婺源熹园
13675971,长江观音景区
82623,严家花园
18463053,华东大裂谷
10555628,李家坑漂流
13095563,欢乐动物汇
33141763,东太湖大酒店珍SPA温泉
80259,外滩情人墙
76932,肉身宝殿
30431486,姑蔑城生态园
10537246,覆卮山景区
10524077,南京将军山旅游风景区
84787161,台州湾湿地公园
13329317,阖闾城遗址博物馆
101147,绩溪紫园
10758562,大吉温泉度假村
49145652,上海佛罗伦萨小镇
78451,陆家嘴中心绿地
30263370,恐龙人俱乐部
24654092,雁荡山净名谷景区
92250,朱自清故居
10765013,中国富硒第一村
79383,九龙湖
61941465,沧浪亭昆曲浮生六记
61945190,苏州塔高海洋萌宠馆
82666,南宋石刻遗址公园
97279,班竹景区
41766205,申迪生态园皮划艇体验
39709343,舟际皮划艇俱乐部（淀山湖富力湾店）
24652595,上海证券交易所
97618,浙东十八潭
18576521,24K梦幻小镇主题店（正大乐城店）
79378,彩虹桥
22558793,鹅湖玫瑰文化园
96837,云湖景区
79558955,奇葩减压馆
31673772,朵云轩艺术中心
79267,仙岩
41205547,中洋河豚庄园
91470,江苏省美术馆
58381228,宁波星空错觉艺术展
79273,括苍山
79435392,吹台山农庄
83168,梦清园
79180423,嘉兴彩虹谷国际营地
80110,渔梁坝
10758352,汤山温泉
44771631,极乐汤温泉馆（川沙店）
87118,曾赵园
56291163,张家港萌宠动物园
31658686,上海环球金融中心观光天阁
69575520,太湖月亮湾
79438,皤滩古镇
76942,天台寺（天台峰）
18195679,君领游艇俱乐部
31442020,嘉の悦汗蒸时代温泉
34368118,梧桐花谷
101331,磐安水下孔景区
64970748,拈花湾景区-无门关
10758153,黄山温泉
82365136,上海国际客运中心游艇码头
33209115,鲁家村
87966,赭山风景区
69549847,大塘金香草谷
97426,商量岗景区
79521,石湖
10797031,真人CS基地
31669153,小昆山园
18253633,宁海湾赶海俱乐部
92292788,斑马苑
88181,北溪漂流
10794650,大鸭烘焙&大鸭软陶
93584008,釜山监狱
86018,陈武帝故宫
79282,衢州孔庙
80579,花山谜窟
67822194,半山伴水度假村
56376164,亲心谷文化旅游度假区
10534040,自行车主题公园
85273,江村
25325529,璟园古民居博物馆
69147019,古鸡鸣寺
39223218,环球亲子水世界
10520290,温州博物馆
55422169,普罗旺斯新风尚农场
91749,蠡湖中央公园
67828069,上海直升机空中游览飞行体验
76209,百丈瀑
38965185,龙山景区
77530,南园
56376191,花间乐园
30283174,乌镇互联网国际会展中心
82448,宝塔山公园
88253,屯溪老大桥
18068035,大茅山
24652813,世界巧克力梦公园
31660922,上海船厂滨江绿地
13539712,滑泥公园
79261,塔湾金沙景区
22879410,上海四行仓库抗战纪念馆
77632790,温州AP爱蹦跶口袋屋蹦床主题乐园
49938943,顽酷运动工厂
81737,淡竹休闲谷
13759610,莲峰云海景区
79260,安期峰景区
52864568,女儿山神奇漂流
34492026,雅溪漂流
13412803,洞天湾风景区
13415589,钱江源漂流
10535531,九华山公园
50947630,常山石博园
100470,盂城驿
91635,南京图书馆
79523,香雪海
82524,大宁郁金香公园
39807832,虎头峡漂流
71519335,永康长城风景区
10520275,舟山博物馆
56809909,昊美术馆
39218669,永联农耕园游乐场水上乐园
10758206,百步沙
79252,莫氏庄园
10548666,聪明山水景区
93757280,星空魔幻城
96847,悟空寺
32470527,天目湖天沐温泉
93527,思溪延村
36752411,动吧donbar（陆家嘴旅游环线）
31674391,龙港乐园
33187401,天龙风景区
10524130,古木博物馆
76975,圆津禅院
18576481,巧虎欢乐岛儿童乐园（世博源店）
15490476,太湖新天地生态休闲公园
79283,烂柯山
97372,金钉子远古世界景区
29894049,台州市博物馆
20954558,大年初一风景小镇
10759001,外秦淮河画舫
31660492,61号老库房
31825054,【上海】奇思妙想的时空洞
36185688,嘉北郊野公园
47628160,昆山图书馆
10535536,南京国防园
10536547,月河历史街区
22991155,篁岭石门峡
10758921,江南天池滑雪场
31677888,锦江士林夜市
84556764,萌巢室内动物园
61349478,枫彩漫城
99851,高家庄生态园
100704,清漾毛氏文化村
33764286,上田水上乐园
77462186,苏州艾瑞克冰雪仙境乐园
77689732,击浪水上皮划艇桨板俱乐部
10759208,九峰温泉
57154330,MR.ZOO小小动物元
15135689,香炉峰
85530,深溪大石浪
97731,大金山
90497673,义乌毕加索梦幻光影艺术馆
13826387,上海隧道科技馆
84665,桃花源漂流
55185158,东钱湖游船
18552223,苏州奥兰德海洋村（圆融店）
79197735,2020中国南通紫琅灯会
79403,走马塘古村落
83092,三寸金莲馆
90585,花岩国家森林公园
10615044,《宏村阿菊》实景演出
92109702,奇妙童话秘境
30428893,浩瀚天下
10519810,东方假日田园
10751029,千年仁里
13799343,方家河头村
43951154,横店梦泉谷温泉度假区
10524118,虎尾峡漂流
33684181,拈花湾一笑堂小剧场
79368,秦山核电站
31672947,矿坑花园
76162,紫金庵
100671,浮盖山
91491,南京云锦博物馆
93284,泰州老街
78908023,【上海】梁静茹2020年“当我们谈论爱情”演唱会
27301714,公元2050/2500未来生活体验馆
95678,镇江博物馆
87955,花岙岛
61932916,拈花湾-草鞋山庐
10548681,上海林克司乡村高尔夫俱乐部
13682450,华东百畅生态休闲度假园
83812239,上海直升机飞行体验基地
64674535,上海三甲港绿地国际旅游度假村
84676656,和光同尘艺术馆
10533373,银行博物馆
56560155,乐奇运动湃室内运动竞技乐园
92266636,老虎扑食训练区
92578441,游乐场
83167,青浦水上图书馆
39814612,天空之城欢乐嘉年华
25116496,Heetravel亲子游泳会所
79455583,【苏州】许巍2020年“无 尽光芒”演唱会
31675792,彩虹桥——北外滩
92100,上海美术电影制片厂
91387,东白湖
49937054,四方当代艺术湖区
24652712,嵊泗碧海金沙海滨浴场
33764249,普陀山飞行体验
31672176,黄浦江游览秦皇岛路码头
96346,浙东大瀑布
33175022,樱桃小丸子欢乐游园会
38338950,嵊州虎居动物园
79150714,【南京】蔡依林 2020年“Ugly Beauty”演唱会
79150973,【南京】吴青峰“太空备忘记”巡回演唱会【演出时间待定】
93320,董永七仙女文化园
76779,嘉定孔庙
80211,不肯去观音院
56809433,千年曙光园
61118208,《我做了一个红楼梦》剧幕式互动光影艺术展
10533977,张衡公园
10762249,牛头山梦温泉
101989,布袋山风景区
13460617,双溪滩漂流
79612,理坑
24653081,太仓天镜湖
24653088,太华山省级森林公园
83399248,竹海峡瀑漂流
10535577,无想寺森林公园
15290302,月老庙
15041318,江南古运河游船（跨塘桥码头）
78919057,巴比松星空体验馆
13826306,木杓沙滩
85290,太极湖村
93665357,蓝卉拖拉机乡村休闲体验园
92084,上海展览中心
10771147,环秀晓筑养生度假村
87766,石头城公园
79513,云中大漈
55701154,巢湖体育中心水上乐园
91874,佛顶山
10536497,鄞州公园
89937676,苏州星空艺术馆
84189917,金华星空失恋博物馆
10788383,上海旗忠花园高尔夫俱乐部
29907054,星愿公园
92226,汤山风景区
82093902,ORT卡丁车俱乐部
10536146,蠡湖公园
86860,显胜门景区
41788159,梦悦谷国际卡丁车场
76820,南通纺织博物馆
92083,上海工艺美术博物馆
10761523,广德灵山大峡谷
88531,大门岛景区
32891141,徽州古村落英雄漂流
22567513,金东乐园
87854,上海邮政博物馆
10770769,泾县黄田风景区
79150791,鹿亭中村
36290071,泰晤士小镇皮划艇体验
84308575,顺驰游艇俱乐部
10547908,尚书休闲村落
10536238,青枫公园
78915053,安义夜巷
79442,九峰公园
36934729,壕熊庄园
83292,天下玉苑
93338,东福山岛
77599,赤城山
